m_ID,S,S_LowHigh,C,C_category,ratio,NODF,P_Ce,NODFst,N_LowHigh,nSpecA
1,88,0,0.15588,0,3.4,-1.3217,0.91,-0.1,0,9
2,88,0,0.1556,0,2.6667,-1.1502,0.87,-0.09,0,7
3,88,0,0.15427,0,3,-0.89681,0.82,-0.07,0,7
4,89,0,0.154,0,3.0455,-1.0311,0.85,-0.08,0,11
5,88,0,0.15385,0,2.8261,-0.097708,0.54,-0.01,0,9
6,89,0,0.15375,0,2.56,-1.1712,0.88,-0.09,0,7
7,88,0,0.15358,0,3,-0.73275,0.77,-0.06,0,10
8,89,0,0.15345,0,2.069,-1.2331,0.89,-0.09,0,1
9,90,0,0.15341,0,2.75,-1.3132,0.91,-0.09,0,8
10,89,0,0.15321,0,2.7083,-0.47706,0.68,-0.04,0,6
11,89,0,0.15256,0,2.7083,-0.59566,0.72,-0.04,0,6
12,90,0,0.15252,0,3.2857,-0.9594,0.83,-0.07,0,9
13,88,0,0.15238,0,2.52,-1.2003,0.89,-0.09,0,4
14,87,0,0.15224,0,3.1429,-0.51016,0.7,-0.04,0,9
15,91,0,0.15204,0,1.7576,-1.0268,0.85,-0.07,0,1
16,89,0,0.15197,0,3.0455,-1.1861,0.88,-0.09,0,8
17,90,0,0.15168,0,2.3333,-1.3701,0.91,-0.1,0,3
18,88,0,0.15152,0,3,-0.37127,0.64,-0.03,0,13
19,87,0,0.15152,0,3.1429,-0.64077,0.74,-0.05,0,9
20,89,0,0.1514,0,2.4231,-1.107,0.87,-0.09,0,5
21,89,0,0.15129,0,3.0455,-0.64604,0.74,-0.05,0,7
22,89,0,0.15125,0,2.56,-1.3463,0.91,-0.1,0,7
23,91,0,0.15119,0,1.6765,-0.90553,0.82,-0.06,0,3
24,91,0,0.15099,0,1.7576,-0.59615,0.72,-0.04,0,5
25,90,0,0.15088,0,2.75,-1.0885,0.86,-0.08,0,5
26,89,0,0.15086,0,2.8696,-0.49163,0.69,-0.04,0,7
27,89,0,0.15086,0,2.8696,-0.19265,0.58,-0.01,0,7
28,88,0,0.15083,0,3,-0.68174,0.75,-0.05,0,14
29,88,0,0.15074,0,2.3846,-0.82523,0.8,-0.06,0,5
30,90,0,0.15074,0,1.6471,-1,0.84,-0.07,0,1
31,89,0,0.15063,0,2.56,-1.1784,0.88,-0.08,0,6
32,89,0,0.15061,0,3.0455,-1.6036,0.95,-0.12,0,3
33,90,0,0.15056,0,2,-1.1831,0.88,-0.08,0,3
34,89,0,0.15056,0,3.2381,-0.37832,0.65,-0.03,0,9
35,88,0,0.1505,0,2.8261,-0.78872,0.78,-0.06,0,6
36,90,0,0.1505,0,2.3333,-0.65099,0.74,-0.05,0,5
37,91,0,0.15047,0,1.7576,-1.4945,0.93,-0.11,0,1
38,91,0,0.15026,0,2.9565,-1.0804,0.86,-0.08,0,6
39,90,0,0.15024,0,2.4615,-0.50305,0.69,-0.04,0,6
40,90,0,0.15024,0,2.4615,-0.89875,0.82,-0.07,0,4
41,89,0,0.15018,0,2.4231,-0.75342,0.77,-0.05,0,6
42,89,0,0.15,0,2.56,-0.4454,0.67,-0.03,0,4
43,89,0,0.14986,0,3.2381,-1.3893,0.92,-0.11,0,10
44,87,0,0.14965,0,2.9545,-1.2835,0.9,-0.1,0,9
45,91,0,0.14954,0,3.1364,-1.5431,0.94,-0.12,0,7
46,91,0,0.14954,0,3.1364,-1.2316,0.89,-0.1,0,6
47,88,0,0.14925,0,3.1905,-1.4222,0.92,-0.11,0,6
48,88,0,0.14925,0,3.1905,-1.2185,0.89,-0.1,0,9
49,90,0,0.14925,0,2.913,-0.57866,0.72,-0.04,0,8
50,88,0,0.14925,0,3.1905,-0.65986,0.75,-0.05,0,7
51,90,0,0.14919,0,2.2143,-0.57352,0.72,-0.04,0,2
52,91,0,0.14909,0,2.64,-1.8304,0.97,-0.14,0,1
53,91,0,0.14909,0,2.25,-1.1045,0.87,-0.08,0,1
54,91,0,0.14905,0,2.1379,-1.9325,0.97,-0.14,0,3
55,90,0,0.14899,0,2.75,-0.78896,0.78,-0.06,0,8
56,87,0,0.14895,0,2.9545,-1.2443,0.89,-0.1,0,10
57,89,0,0.14888,0,2.8696,-2.5654,0.99,-0.19,0,5
58,91,0,0.14888,0,3.1364,-0.53326,0.7,-0.04,0,13
59,92,0,0.14872,0,2.4074,-1.5165,0.94,-0.11,0,3
60,90,0,0.14867,0,2.1034,-0.75904,0.78,-0.05,0,3
61,91,0,0.14863,0,2.0333,-0.87987,0.81,-0.06,0,2
62,91,0,0.14863,0,2.0333,-0.89972,0.82,-0.06,0,3
63,91,0,0.14861,0,1.6765,-1.131,0.87,-0.08,0,2
64,90,0,0.1486,0,2.913,-1.4129,0.92,-0.11,0,6
65,90,0,0.1486,0,2.913,-0.2181,0.59,-0.02,0,3
66,92,0,0.14858,0,1.7059,-1.048,0.85,-0.07,0,2
67,88,0,0.14854,0,3.1905,-0.98158,0.84,-0.08,0,10
68,91,0,0.1485,0,2.1379,-1.3743,0.92,-0.1,0,3
69,89,0,0.14846,0,3.2381,-1.6926,0.95,-0.13,0,8
70,89,0,0.14846,0,3.2381,-1.8243,0.97,-0.14,0,10
71,90,0,0.14844,0,2.4615,-1.0451,0.85,-0.08,0,4
72,90,0,0.14844,0,2.4615,-1.0132,0.84,-0.07,0,6
73,92,0,0.14843,0,1.7879,0.095111,0.46,0.01,0,5
74,91,0,0.14839,0,1.9355,-1.0688,0.86,-0.08,0,5
75,91,0,0.14838,0,1.7576,-1.1104,0.87,-0.07,0,4
76,89,0,0.14835,0,2.4231,-1.0904,0.86,-0.08,0,3
77,91,0,0.14834,0,2.9565,-0.84202,0.8,-0.06,0,12
78,90,0,0.14831,0,2.6,-0.93336,0.82,-0.07,0,6
79,90,0,0.14831,0,2.6,-1.65,0.95,-0.12,0,3
80,91,0,0.14809,0,1.6765,-0.96669,0.83,-0.07,0,1
81,89,0,0.14808,0,2.7083,-1.5624,0.94,-0.13,0,5
82,92,0,0.14807,0,1.7059,-0.3253,0.63,-0.02,0,2
83,89,0,0.14802,0,1.9667,-0.62864,0.74,-0.04,0,3
84,90,0,0.14796,0,2.913,0.17645,0.43,0.01,0,8
85,91,0,0.14794,0,2.1379,-0.97993,0.84,-0.07,0,2
86,91,0,0.14793,0,2.5,-0.79549,0.79,-0.06,0,3
87,92,0,0.14792,0,1.875,-1.2891,0.9,-0.09,0,0
88,92,0,0.14792,0,1.875,-1.3231,0.91,-0.09,0,2
89,89,0,0.1479,0,3.0455,-0.23783,0.59,-0.02,0,11
90,88,0,0.14783,0,3.1905,-0.68929,0.75,-0.06,0,9
91,88,0,0.14783,0,3.1905,-0.98545,0.84,-0.08,0,8
92,89,0,0.14776,0,3.2381,-0.080743,0.53,-0.01,0,15
93,91,0,0.14757,0,2.3704,-1.067,0.86,-0.07,0,4
94,91,0,0.14757,0,2.3704,-0.35221,0.64,-0.03,0,5
95,91,0,0.14757,0,2.3704,-0.85369,0.8,-0.06,0,5
96,91,0,0.14757,0,2.3704,-0.28388,0.61,-0.02,0,4
97,91,0,0.14756,0,3.1364,0.00026933,0.5,2.17e-05,0,12
98,90,0,0.14756,0,2.3333,-1.5568,0.94,-0.11,0,2
99,92,0,0.14754,0,1.9677,-0.50431,0.69,-0.04,0,5
100,89,0,0.1475,0,2.56,-0.85618,0.8,-0.07,0,6
101,92,0,0.14493,0,3,3.0682,0,0.25,1,16
102,92,0,0.14619,0,3,3.2061,0,0.26,1,12
103,91,0,0.14514,0,2.9565,3.1484,0,0.26,1,14
104,91,0,0.14514,0,2.9565,3.2644,0,0.26,1,14
105,91,0,0.14578,0,2.9565,3.2587,0,0.26,1,12
106,91,0,0.1445,0,2.9565,3.1487,0,0.26,1,11
107,91,0,0.1445,0,2.9565,2.9717,0,0.24,1,14
108,91,0,0.1445,0,2.9565,3.1217,0,0.27,1,8
109,91,0,0.1509,0,2.9565,3.271,0,0.26,1,13
110,90,0,0.1512,0,2.913,3.3238,0,0.26,1,11
111,90,0,0.14731,0,2.913,2.9624,0,0.23,1,14
112,90,0,0.14925,0,2.913,2.9923,0,0.24,1,9
113,90,0,0.14536,0,2.913,3.23,0,0.26,1,14
114,90,0,0.14731,0,2.913,2.6914,0,0.23,1,11
115,90,0,0.14666,0,2.913,3.0409,0,0.25,1,16
116,90,0,0.14471,0,2.913,2.7229,0,0.23,1,11
117,90,0,0.14471,0,2.913,2.7614,0,0.23,1,14
118,90,0,0.14666,0,2.913,3.1002,0,0.26,1,13
119,90,0,0.14536,0,2.913,2.939,0,0.24,1,15
120,90,0,0.1499,0,2.913,3.3649,0,0.27,1,13
121,90,0,0.1512,0,2.913,2.8463,0,0.23,1,10
122,89,0,0.14427,0,2.8696,2.9873,0,0.24,1,16
123,89,0,0.14427,0,2.8696,2.9792,0,0.25,1,16
124,89,0,0.14427,0,2.8696,2.7577,0,0.24,1,18
125,89,0,0.14888,0,2.8696,3.2707,0,0.27,1,12
126,89,0,0.14822,0,2.8696,3.1331,0,0.26,1,7
127,89,0,0.14493,0,2.8696,2.9009,0,0.24,1,19
128,89,0,0.14756,0,2.8696,3.2941,0,0.25,1,15
129,89,0,0.14954,0,2.8696,2.8302,0,0.23,1,16
130,89,0,0.14493,0,2.8696,3.2389,0,0.26,1,17
131,89,0,0.14822,0,2.8696,2.9148,0,0.23,1,15
132,89,0,0.14822,0,2.8696,3.0493,0,0.24,1,15
133,89,0,0.14625,0,2.8696,2.8835,0,0.25,1,17
134,89,0,0.14888,0,2.8696,3.1899,0,0.26,1,14
135,89,0,0.15086,0,2.8696,2.831,0,0.24,1,9
136,89,0,0.14888,0,2.8696,2.9373,0,0.25,1,8
137,89,0,0.14888,0,2.8696,3.119,0,0.26,1,8
138,89,0,0.14625,0,2.8696,2.9367,0,0.24,1,11
139,89,0,0.14722,0,3.0455,2.721,0,0.24,1,8
140,88,0,0.1505,0,2.8261,2.8717,0,0.24,1,15
141,88,0,0.14448,0,2.8261,2.8054,0,0.25,1,7
142,88,0,0.1505,0,2.8261,3.4666,0,0.27,1,15
143,88,0,0.14448,0,2.8261,2.936,0,0.25,1,7
144,88,0,0.14448,0,2.8261,2.9271,0,0.25,1,7
145,88,0,0.14448,0,2.8261,2.7977,0,0.25,1,7
146,88,0,0.14448,0,2.8261,2.845,0,0.24,1,7
147,88,0,0.14448,0,2.8261,2.955,0,0.25,1,7
148,88,0,0.14448,0,2.8261,2.7182,0,0.24,1,7
149,88,0,0.15385,0,2.8261,3.312,0,0.26,1,12
150,88,0,0.15318,0,2.8261,3.1532,0,0.26,1,12
151,88,0,0.15318,0,2.8261,3.4079,0,0.27,1,14
152,88,0,0.1505,0,2.8261,3.027,0,0.25,1,15
153,88,0,0.15318,0,2.8261,3.0281,0,0.25,1,11
154,88,0,0.14515,0,2.8261,3.2171,0,0.27,1,21
155,88,0,0.14582,0,2.8261,2.7747,0,0.23,1,11
156,88,0,0.14582,0,2.8261,2.965,0,0.26,1,9
157,88,0,0.14783,0,2.8261,3.1231,0,0.26,1,13
158,88,0,0.14716,0,2.8261,2.9404,0,0.25,1,13
159,88,0,0.14649,0,2.8261,3.1431,0,0.26,1,17
160,88,0,0.14515,0,2.8261,3.1129,0,0.26,1,15
161,88,0,0.14983,0,2.8261,3.1911,0,0.25,1,12
162,88,0,0.14448,0,2.8261,3.1599,0,0.27,1,13
163,88,0,0.14515,0,2.8261,2.7425,0,0.26,1,6
164,88,0,0.15117,0,2.8261,2.8104,0,0.23,1,13
165,88,0,0.14916,0,2.8261,2.8587,0,0.23,1,13
166,88,0,0.14983,0,2.8261,3.0542,0,0.24,1,12
167,87,0,0.14538,0,2.7826,2.8027,0,0.24,1,12
168,87,0,0.1447,0,2.7826,3.115,0,0.27,1,17
169,87,0,0.15353,0,2.7826,3.0308,0,0.25,1,11
170,87,0,0.15625,0,2.7826,3.4038,0,0.27,1,8
171,87,0,0.1447,0,2.7826,2.6151,0,0.24,1,12
172,87,0,0.15014,0,2.7826,3.3316,0,0.27,1,16
173,87,0,0.15315,0,2.9545,2.929,0,0.24,1,17
174,87,0,0.14946,0,2.7826,3.2368,0,0.26,1,13
175,87,0,0.1481,0,2.7826,3.0135,0,0.26,1,11
176,87,0,0.15082,0,2.7826,2.8401,0,0.23,1,9
177,87,0,0.14946,0,2.7826,3.0378,0,0.25,1,14
178,87,0,0.1481,0,2.7826,3.0296,0,0.27,1,12
179,87,0,0.14946,0,2.7826,3.3602,0,0.27,1,15
180,87,0,0.14606,0,2.7826,3.1286,0,0.27,1,17
181,87,0,0.14878,0,2.7826,3.1284,0,0.27,1,10
182,87,0,0.15897,0,2.7826,3.1472,0,0.25,1,9
183,87,0,0.14946,0,2.7826,3.0776,0,0.25,1,13
184,87,0,0.15082,0,2.7826,2.946,0,0.25,1,12
185,87,0,0.14606,0,2.7826,3.085,0,0.26,1,13
186,87,0,0.1481,0,2.7826,2.7233,0,0.23,1,9
187,87,0,0.15625,0,2.7826,2.8145,0,0.24,1,8
188,87,0,0.15693,0,2.7826,2.94,0,0.24,1,9
189,87,0,0.14878,0,2.7826,2.8552,0,0.23,1,15
190,87,0,0.14674,0,2.7826,3.0052,0,0.26,1,12
191,87,0,0.14402,0,2.7826,3.0792,0,0.25,1,16
192,87,0,0.14878,0,2.7826,3.0292,0,0.26,1,12
193,87,0,0.15353,0,2.7826,3.2149,0,0.26,1,8
194,86,0,0.15321,0,2.7391,3.123,0,0.25,1,15
195,86,0,0.15321,0,2.7391,3.1001,0,0.25,1,15
196,86,0,0.14773,0,2.9091,2.8758,0,0.25,1,17
197,86,0,0.147,0,2.7391,2.8118,0,0.24,1,13
198,86,0,0.14493,0,2.7391,2.9851,0,0.25,1,15
199,86,0,0.14424,0,2.7391,2.9959,0,0.26,1,12
200,86,0,0.15459,0,2.7391,3.0972,0,0.26,1,12
201,90,0,0.29865,1,2.3333,-2.5648,0.99,-0.11,0,0
202,89,0,0.3,1,2.069,-2.2646,0.99,-0.1,0,0
203,90,0,0.30021,1,3.2857,-2.1032,0.98,-0.1,0,1
204,90,0,0.30333,1,2,-2.2009,0.99,-0.1,0,0
205,90,0,0.29851,1,2.913,-1.9764,0.98,-0.09,0,0
206,90,0,0.30114,1,2.75,-1.9472,0.97,-0.09,0,0
207,90,0,0.29988,1,2.4615,-2.0151,0.98,-0.09,0,0
208,90,0,0.29718,1,1.7273,-2.01,0.98,-0.09,0,0
209,90,0,0.29857,1,3.5,-1.847,0.97,-0.09,0,1
210,90,0,0.30197,1,1.7273,-2.0559,0.98,-0.09,0,0
211,89,0,0.30392,1,3.2381,-1.7174,0.96,-0.08,0,0
212,90,0,0.29357,1,3.5,-1.7181,0.96,-0.08,0,0
213,90,0,0.30454,1,1.9032,-1.8528,0.97,-0.08,0,0
214,90,0,0.29453,1,2.3333,-1.7484,0.96,-0.08,0,0
215,90,0,0.30711,1,1.8125,-1.7543,0.96,-0.07,0,0
216,90,0,0.3057,1,2.3333,-1.7292,0.96,-0.07,0,0
217,90,0,0.30172,1,1.8125,-1.6957,0.96,-0.07,0,0
218,90,0,0.29,1,3.5,-1.4698,0.93,-0.07,0,0
219,90,0,0.30182,1,1.5714,-1.6403,0.95,-0.07,0,0
220,90,0,0.30234,1,1.5714,-1.6215,0.95,-0.07,0,0
221,90,0,0.3041,1,1.6471,-1.6348,0.95,-0.07,0,0
222,90,0,0.29924,1,2.3333,-1.5717,0.94,-0.07,0,0
223,90,0,0.29883,1,3.2857,-1.492,0.93,-0.07,0,0
224,90,0,0.3011,1,2.913,-1.4784,0.93,-0.07,0,0
225,90,0,0.30694,1,2.913,-1.4251,0.92,-0.07,0,0
226,90,0,0.29988,1,2.4615,-1.4397,0.93,-0.07,0,0
227,90,0,0.30281,1,3.0909,-1.4017,0.92,-0.07,0,0
228,90,0,0.29679,1,3.0909,-1.4,0.92,-0.06,0,1
229,90,0,0.30159,1,2.3333,-1.464,0.93,-0.06,0,0
230,90,0,0.30708,1,2.6,-1.4137,0.92,-0.06,0,0
231,90,0,0.3025,1,1.7273,-1.5124,0.93,-0.06,0,0
232,90,0,0.29851,1,2.913,-1.3567,0.91,-0.06,0,0
233,90,0,0.29861,1,2.75,-1.3709,0.91,-0.06,0,0
234,90,0,0.29734,1,2.1034,-1.3752,0.92,-0.06,0,1
235,90,0,0.29969,1,2.6,-1.3445,0.91,-0.06,0,0
236,90,0,0.30585,1,2.6,-1.3892,0.92,-0.06,0,0
237,90,0,0.29947,1,3.0909,-1.2553,0.9,-0.06,0,0
238,90,0,0.30366,1,2.75,-1.29,0.9,-0.06,0,0
239,90,0,0.29908,1,2.6,-1.3327,0.91,-0.06,0,0
240,90,0,0.29621,1,2.1034,-1.3464,0.91,-0.06,0,0
241,90,0,0.29786,1,2.913,-1.2798,0.9,-0.06,0,0
242,90,0,0.31001,1,1.9032,-1.4734,0.93,-0.06,0,0
243,90,0,0.3028,1,1.8125,-1.3669,0.91,-0.06,0,0
244,90,0,0.29947,1,3.0909,-1.3369,0.91,-0.06,0,0
245,90,0,0.3009,1,1.7273,-1.4465,0.93,-0.06,0,0
246,90,0,0.30589,1,2.4615,-1.3371,0.91,-0.06,0,0
247,90,0,0.30147,1,1.6471,-1.3845,0.92,-0.06,0,0
248,89,0,0.29615,1,2.7083,-1.288,0.9,-0.06,0,0
249,90,0,0.30618,1,1.9032,-1.4196,0.92,-0.06,0,0
250,90,0,0.29861,1,2.75,-1.2516,0.89,-0.06,0,0
251,90,0,0.30745,1,2.75,-1.3376,0.91,-0.06,0,0
252,90,0,0.31117,1,1.5714,-1.443,0.93,-0.06,0,0
253,90,0,0.30882,1,3.0909,-1.2476,0.89,-0.06,0,0
254,90,0,0.30357,1,1.6471,-1.3507,0.91,-0.06,0,0
255,90,0,0.30252,1,1.6471,-1.3485,0.91,-0.06,0,0
256,90,0,0.29846,1,2.6,-1.225,0.89,-0.06,0,0
257,90,0,0.29672,1,2.75,-1.203,0.89,-0.06,0,0
258,89,0,0.30952,1,3.2381,-1.1676,0.88,-0.06,0,0
259,90,0,0.29507,1,2.4615,-1.2155,0.89,-0.06,0,0
260,90,0,0.29924,1,2.3333,-1.2565,0.9,-0.05,0,0
261,90,0,0.30303,1,2.75,-1.2129,0.89,-0.05,0,1
262,90,0,0.30831,1,2.6,-1.2764,0.9,-0.05,0,0
263,90,0,0.30235,1,1.9032,-1.2569,0.9,-0.05,0,0
264,90,0,0.28714,1,3.5,-1.0968,0.86,-0.05,0,0
265,90,0,0.3008,1,3.0909,-1.2229,0.89,-0.05,0,0
266,90,0,0.29791,1,2.1034,-1.2638,0.9,-0.05,0,0
267,90,0,0.29791,1,2.1034,-1.2427,0.89,-0.05,0,0
268,90,0,0.30222,1,2,-1.2922,0.9,-0.05,0,0
269,90,0,0.30286,1,1.5714,-1.259,0.9,-0.05,0,0
270,90,0,0.3018,1,1.9032,-1.2157,0.89,-0.05,0,0
271,90,0,0.30366,1,3.2857,-1.0858,0.86,-0.05,0,1
272,90,0,0.30725,1,1.6471,-1.2459,0.89,-0.05,0,0
273,90,0,0.305,1,3.5,-1.0508,0.85,-0.05,0,0
274,90,0,0.30645,1,2.2143,-1.1867,0.88,-0.05,0,0
275,90,0,0.31019,1,2.913,-1.1672,0.88,-0.05,0,0
276,90,0,0.29778,1,2,-1.1218,0.87,-0.05,0,0
277,90,0,0.3113,1,2.4615,-1.1609,0.88,-0.05,0,0
278,90,0,0.3143,1,1.5,-1.2044,0.89,-0.05,0,0
279,90,0,0.2947,1,1.9032,-1.1638,0.88,-0.05,0,0
280,90,0,0.30582,1,2.1034,-1.1204,0.87,-0.05,0,0
281,90,0,0.3062,1,1.6471,-1.1672,0.88,-0.05,0,0
282,90,0,0.30672,1,1.6471,-1.1373,0.87,-0.05,0,0
283,90,0,0.30021,1,3.2857,-1.0348,0.85,-0.05,0,0
284,90,0,0.30114,1,2.75,-1.0511,0.85,-0.05,0,0
285,90,0,0.30548,1,3.0909,-1.0244,0.85,-0.05,0,0
286,90,0,0.29672,1,2.75,-1.0082,0.84,-0.05,0,0
287,90,0,0.30366,1,3.2857,-1.0084,0.84,-0.05,0,0
288,90,0,0.29791,1,2.1034,-1.0327,0.85,-0.05,0,0
289,90,0,0.30281,1,3.0909,-1.0227,0.85,-0.05,0,0
290,90,0,0.30492,1,2.75,-1.0267,0.85,-0.05,0,0
291,90,0,0.29506,1,1.7273,-1.0968,0.86,-0.05,0,0
292,90,0,0.30714,1,3.5,-0.92406,0.82,-0.05,0,0
293,90,0,0.30168,1,2.4615,-1.0382,0.85,-0.05,0,0
294,90,0,0.30709,1,2.4615,-1.0191,0.85,-0.05,0,0
295,90,0,0.302,1,1.6471,-1.1156,0.87,-0.05,0,0
296,90,0,0.30709,1,2.4615,-1.0693,0.86,-0.05,0,0
297,90,0,0.29723,1,2.6,-0.99458,0.84,-0.05,0,0
298,90,0,0.303,1,2.1034,-1.0459,0.85,-0.04,0,0
299,90,0,0.29746,1,3.0909,-0.94844,0.83,-0.04,0,0
300,90,0,0.30435,1,3.2857,-0.97525,0.84,-0.04,0,1
301,90,0,0.2988,1,3.0909,5.5253,0,0.26,1,2
302,90,0,0.30348,1,3.0909,5.0403,0,0.24,1,2
303,90,0,0.30816,1,3.0909,5.1067,0,0.23,1,1
304,90,0,0.31283,1,3.0909,5.629,0,0.25,1,5
305,90,0,0.30949,1,3.0909,5.4145,0,0.24,1,1
306,90,0,0.3135,1,3.0909,5.7567,0,0.26,1,0
307,90,0,0.3135,1,3.0909,5.1818,0,0.24,1,0
308,90,0,0.31283,1,3.0909,5.7977,0,0.26,1,3
309,90,0,0.3115,1,3.0909,5.1272,0,0.24,1,2
310,90,0,0.30749,1,3.0909,5.8715,0,0.26,1,1
311,90,0,0.29144,1,3.0909,5.1871,0,0.25,1,0
312,90,0,0.30013,1,3.0909,5.6554,0,0.26,1,2
313,90,0,0.29144,1,3.0909,5.791,0,0.27,1,2
314,90,0,0.30281,1,3.0909,5.9031,0,0.27,1,1
315,90,0,0.2988,1,3.0909,5.8104,0,0.26,1,1
316,90,0,0.32487,1,3.0909,6.2461,0,0.27,1,0
317,90,0,0.29345,1,3.0909,5.031,0,0.23,1,1
318,90,0,0.31083,1,3.0909,6.0245,0,0.26,1,1
319,90,0,0.30214,1,3.0909,5.4801,0,0.24,1,2
320,90,0,0.30281,1,3.0909,5.4263,0,0.24,1,3
321,90,0,0.2988,1,3.0909,5.6209,0,0.27,1,2
322,90,0,0.31217,1,3.0909,5.9208,0,0.26,1,0
323,90,0,0.30348,1,3.0909,5.1688,0,0.23,1,4
324,90,0,0.30816,1,3.0909,5.7149,0,0.26,1,1
325,90,0,0.32353,1,3.0909,5.4322,0,0.24,1,1
326,90,0,0.2988,1,3.0909,5.0438,0,0.23,1,2
327,90,0,0.30414,1,3.0909,5.4843,0,0.26,1,1
328,90,0,0.31952,1,3.0909,5.2579,0,0.24,1,0
329,90,0,0.29144,1,3.0909,5.309,0,0.25,1,1
330,90,0,0.30414,1,3.0909,4.968,0,0.23,1,0
331,90,0,0.2988,1,3.0909,5.3838,0,0.25,1,3
332,90,0,0.30882,1,3.0909,5.3584,0,0.25,1,3
333,90,0,0.31618,1,3.0909,5.0765,0,0.23,1,0
334,90,0,0.29813,1,3.0909,5.3567,0,0.26,1,1
335,90,0,0.3115,1,3.0909,5.6583,0,0.25,1,4
336,90,0,0.3135,1,3.0909,5.5852,0,0.26,1,0
337,90,0,0.31283,1,3.0909,5.7174,0,0.26,1,3
338,90,0,0.31283,1,3.0909,5.9891,0,0.27,1,1
339,90,0,0.29211,1,3.0909,5.4342,0,0.26,1,1
340,90,0,0.31417,1,3.0909,5.3197,0,0.24,1,0
341,90,0,0.3135,1,3.0909,5.4453,0,0.24,1,0
342,90,0,0.30348,1,3.0909,5.1655,0,0.24,1,3
343,90,0,0.31083,1,3.0909,5.7262,0,0.27,1,1
344,90,0,0.30414,1,3.0909,5.166,0,0.24,1,1
345,90,0,0.29947,1,3.0909,5.5442,0,0.26,1,1
346,90,0,0.29813,1,3.0909,5.2663,0,0.26,1,0
347,90,0,0.30348,1,3.0909,5.6176,0,0.25,1,1
348,90,0,0.29412,1,3.0909,5.1693,0,0.25,1,1
349,90,0,0.31283,1,3.0909,5.5575,0,0.25,1,2
350,90,0,0.29679,1,3.0909,5.6208,0,0.27,1,0
351,90,0,0.29746,1,3.0909,5.2599,0,0.26,1,2
352,90,0,0.3115,1,3.0909,5.31,0,0.24,1,0
353,90,0,0.30281,1,3.0909,4.9802,0,0.24,1,0
354,90,0,0.29679,1,3.0909,4.9444,0,0.23,1,3
355,90,0,0.30348,1,3.0909,5.2407,0,0.23,1,1
356,90,0,0.31417,1,3.0909,5.4476,0,0.24,1,1
357,90,0,0.29746,1,3.0909,5.3907,0,0.25,1,0
358,90,0,0.31283,1,3.0909,5.7762,0,0.26,1,0
359,89,0,0.30936,1,3.0455,6.0403,0,0.27,1,1
360,89,0,0.2924,1,3.0455,4.9704,0,0.24,1,1
361,89,0,0.29986,1,3.0455,5.3224,0,0.25,1,3
362,89,0,0.29308,1,3.0455,5.1025,0,0.23,1,3
363,89,0,0.3175,1,3.0455,5.8743,0,0.25,1,2
364,89,0,0.29376,1,3.0455,5.1746,0,0.24,1,3
365,89,0,0.29579,1,3.0455,5.4373,0,0.26,1,1
366,89,0,0.29783,1,3.0455,5.773,0,0.27,1,3
367,89,0,0.30326,1,3.0455,5.1395,0,0.24,1,1
368,89,0,0.29308,1,3.0455,5.4937,0,0.27,1,0
369,89,0,0.3019,1,3.0455,5.1866,0,0.24,1,0
370,89,0,0.31479,1,3.0455,5.2003,0,0.23,1,0
371,89,0,0.29851,1,3.0455,5.8234,0,0.27,1,2
372,89,0,0.30122,1,3.0455,5.44,0,0.26,1,1
373,89,0,0.2924,1,3.0455,5.2362,0,0.25,1,0
374,89,0,0.2924,1,3.0455,5.1692,0,0.24,1,0
375,89,0,0.3114,1,3.0455,5.331,0,0.25,1,1
376,89,0,0.29647,1,3.0455,5.0745,0,0.24,1,3
377,89,0,0.3114,1,3.0455,5.8914,0,0.27,1,0
378,89,0,0.29986,1,3.0455,5.4245,0,0.25,1,3
379,89,0,0.32497,1,3.0455,5.4509,0,0.24,1,1
380,89,0,0.29647,1,3.0455,5.2947,0,0.25,1,0
381,89,0,0.29172,1,3.0455,5.1476,0,0.24,1,3
382,89,0,0.31275,1,3.0455,5.5719,0,0.25,1,2
383,89,0,0.30529,1,3.0455,5.277,0,0.25,1,1
384,89,0,0.29172,1,3.0455,5.2443,0,0.24,1,2
385,89,0,0.29783,1,3.0455,5.4544,0,0.26,1,2
386,89,0,0.30054,1,3.0455,5.4176,0,0.25,1,1
387,89,0,0.29579,1,3.0455,5.186,0,0.25,1,1
388,89,0,0.2924,1,3.0455,4.8804,0,0.23,1,1
389,89,0,0.29579,1,3.0455,5.2024,0,0.24,1,2
390,89,0,0.29512,1,3.0455,4.9059,0,0.24,1,2
391,89,0,0.31818,1,3.0455,5.3964,0,0.24,1,2
392,89,0,0.31208,1,3.0455,5.9976,0,0.26,1,3
393,89,0,0.29715,1,3.0455,5.4264,0,0.25,1,0
394,89,0,0.30733,1,3.0455,4.937,0,0.23,1,0
395,89,0,0.29919,1,3.0455,5.2487,0,0.25,1,0
396,88,0,0.29408,1,3,5.763,0,0.26,1,2
397,88,0,0.29683,1,3,4.8112,0,0.23,1,4
398,88,0,0.29614,1,3,4.9196,0,0.23,1,0
399,88,0,0.30441,1,3,5.5252,0,0.26,1,1
400,88,0,0.29477,1,3,5.0964,0,0.23,1,2
401,200,1,0.15088,0,3.2553,-2.3364,0.99,-0.08,0,0
402,200,1,0.15165,0,1.8169,-2.4533,0.99,-0.07,0,0
403,200,1,0.14936,0,2.9216,-2.2291,0.99,-0.07,0,2
404,200,1,0.14954,0,2.3898,-2.2998,0.99,-0.07,0,0
405,200,1,0.1506,0,2.8462,-2.1769,0.99,-0.07,0,0
406,200,1,0.14922,0,2.6364,-2.1626,0.98,-0.07,0,0
407,200,1,0.14853,0,3.0816,-2.0915,0.98,-0.07,0,0
408,200,1,0.14934,0,2.6364,-2.1607,0.98,-0.07,0,0
409,200,1,0.15082,0,3.4444,-2.0262,0.98,-0.07,0,0
410,200,1,0.14727,0,3.2553,-1.9507,0.97,-0.07,0,0
411,199,1,0.15172,0,2.7547,-1.9602,0.98,-0.07,0,0
412,200,1,0.15077,0,2.0769,-2.1177,0.98,-0.07,0,0
413,200,1,0.15002,0,2.9216,-1.9535,0.97,-0.06,0,0
414,200,1,0.15068,0,2.4483,-2.059,0.98,-0.06,0,0
415,200,1,0.14972,0,2.6364,-1.9538,0.97,-0.06,0,0
416,200,1,0.15018,0,2.7037,-2.0253,0.98,-0.06,0,0
417,200,1,0.15072,0,2.0303,-2.0748,0.98,-0.06,0,0
418,200,1,0.15213,0,2.5088,-1.9613,0.98,-0.06,0,1
419,200,1,0.15097,0,3.4444,-1.8193,0.97,-0.06,0,1
420,200,1,0.14867,0,3.4444,-1.7248,0.96,-0.06,0,0
421,200,1,0.1498,0,2.5714,-1.8192,0.97,-0.06,0,0
422,200,1,0.15005,0,2.5714,-1.8999,0.97,-0.06,0,0
423,200,1,0.15024,0,2.3333,-1.8715,0.97,-0.06,0,0
424,200,1,0.1523,0,2.3898,-1.8739,0.97,-0.06,0,0
425,200,1,0.15078,0,1.8169,-1.9052,0.97,-0.06,0,0
426,200,1,0.14997,0,2.0769,-1.8687,0.97,-0.06,0,0
427,200,1,0.14886,0,1.7027,-1.9824,0.98,-0.06,0,0
428,200,1,0.1506,0,2.6364,-1.8091,0.96,-0.06,0,1
429,200,1,0.15168,0,3.4444,-1.6716,0.95,-0.06,0,3
430,200,1,0.1512,0,3,-1.7229,0.96,-0.06,0,1
431,200,1,0.15068,0,2.9216,-1.718,0.96,-0.06,0,0
432,200,1,0.1498,0,2.7037,-1.7294,0.96,-0.06,0,0
433,200,1,0.1505,0,2.3898,-1.8034,0.96,-0.06,0,0
434,200,1,0.15043,0,3.0816,-1.8058,0.96,-0.06,0,1
435,200,1,0.14929,0,2.7037,-1.7872,0.96,-0.06,0,0
436,199,1,0.15296,0,3.4222,-1.5873,0.94,-0.05,0,3
437,200,1,0.15061,0,2.0303,-1.9124,0.97,-0.05,0,0
438,200,1,0.14777,0,2.4483,-1.7712,0.96,-0.05,0,0
439,200,1,0.15073,0,2.8462,-1.6753,0.95,-0.05,0,0
440,200,1,0.14955,0,1.6667,-1.8615,0.97,-0.05,0,0
441,200,1,0.1525,0,2.4483,-1.7319,0.96,-0.05,0,0
442,200,1,0.15095,0,2.3333,-1.8225,0.97,-0.05,0,0
443,200,1,0.15157,0,2.7037,-1.751,0.96,-0.05,0,1
444,200,1,0.1498,0,2.5714,-1.6542,0.95,-0.05,0,0
445,200,1,0.14959,0,1.9851,-1.7591,0.96,-0.05,0,0
446,200,1,0.1493,0,2.3898,-1.6229,0.95,-0.05,0,1
447,200,1,0.15121,0,1.8571,-1.8072,0.96,-0.05,0,0
448,200,1,0.14977,0,3.2553,-1.5353,0.94,-0.05,0,0
449,200,1,0.15175,0,3.3478,-1.6142,0.95,-0.05,0,1
450,200,1,0.14967,0,2.7037,-1.6486,0.95,-0.05,0,0
451,200,1,0.15071,0,2.3333,-1.692,0.95,-0.05,0,0
452,200,1,0.14971,0,2.0303,-1.719,0.96,-0.05,0,0
453,200,1,0.15049,0,2.2787,-1.6463,0.95,-0.05,0,0
454,200,1,0.14992,0,2.7037,-1.6187,0.95,-0.05,0,0
455,200,1,0.14844,0,3.1667,-1.5265,0.94,-0.05,0,1
456,200,1,0.15041,0,2.9216,-1.5572,0.94,-0.05,0,0
457,200,1,0.14995,0,3.1667,-1.5685,0.94,-0.05,0,1
458,200,1,0.14793,0,1.5974,-1.7378,0.96,-0.05,0,0
459,200,1,0.1508,0,1.5641,-1.7758,0.96,-0.05,0,0
460,200,1,0.14869,0,2.3333,-1.5846,0.94,-0.05,0,0
461,200,1,0.15143,0,2.2787,-1.6193,0.95,-0.05,0,0
462,200,1,0.14996,0,3.4444,-1.48,0.93,-0.05,0,0
463,200,1,0.15125,0,3.4444,-1.5347,0.94,-0.05,0,3
464,200,1,0.15274,0,3.3478,-1.525,0.94,-0.05,0,1
465,200,1,0.15105,0,1.9851,-1.6263,0.95,-0.05,0,0
466,200,1,0.15172,0,3.2553,-1.4987,0.93,-0.05,0,0
467,200,1,0.152,0,3,-1.5509,0.94,-0.05,0,0
468,200,1,0.15367,0,3.0816,-1.5635,0.94,-0.05,0,0
469,200,1,0.14949,0,3.2553,-1.4869,0.93,-0.05,0,0
470,200,1,0.14966,0,2.3898,-1.5909,0.94,-0.05,0,0
471,200,1,0.15051,0,2.125,-1.6469,0.95,-0.05,0,0
472,200,1,0.14836,0,1.9851,-1.6006,0.95,-0.05,0,0
473,200,1,0.14896,0,3.4444,-1.394,0.92,-0.05,0,1
474,200,1,0.15029,0,3.0816,-1.5076,0.93,-0.05,0,1
475,200,1,0.15085,0,2.1746,-1.5264,0.94,-0.05,0,0
476,200,1,0.14988,0,2.3333,-1.4568,0.93,-0.05,0,0
477,200,1,0.15026,0,1.7027,-1.566,0.94,-0.05,0,0
478,200,1,0.14968,0,3.4444,-1.3753,0.92,-0.05,0,1
479,200,1,0.15014,0,2.3898,-1.5075,0.93,-0.05,0,0
480,200,1,0.14906,0,2.0769,-1.5183,0.94,-0.05,0,0
481,200,1,0.14934,0,3.0816,-1.4682,0.93,-0.05,0,0
482,200,1,0.14837,0,2.4483,-1.4972,0.93,-0.05,0,0
483,200,1,0.15228,0,1.9851,-1.5697,0.94,-0.05,0,0
484,200,1,0.15145,0,3.1667,-1.451,0.93,-0.05,0,0
485,200,1,0.15102,0,2.5088,-1.502,0.93,-0.05,0,0
486,200,1,0.15187,0,3,-1.3838,0.92,-0.05,0,0
487,200,1,0.15154,0,2.125,-1.4987,0.93,-0.05,0,0
488,200,1,0.14898,0,2.4483,-1.4697,0.93,-0.05,0,0
489,200,1,0.1494,0,3.1667,-1.3118,0.91,-0.05,0,0
490,200,1,0.15102,0,3.2553,-1.3765,0.92,-0.05,0,2
491,200,1,0.14897,0,2.9216,-1.3961,0.92,-0.04,0,0
492,200,1,0.15034,0,2.8462,-1.3522,0.91,-0.04,0,0
493,200,1,0.15155,0,2.3333,-1.4454,0.93,-0.04,0,0
494,200,1,0.14978,0,2.2787,-1.4295,0.92,-0.04,0,0
495,200,1,0.14947,0,2.4483,-1.3536,0.91,-0.04,0,0
496,200,1,0.15095,0,2.0303,-1.4982,0.93,-0.04,0,0
497,200,1,0.14989,0,2.9216,-1.3506,0.91,-0.04,0,0
498,200,1,0.14993,0,2.0303,-1.4668,0.93,-0.04,0,0
499,200,1,0.15005,0,2.125,-1.3969,0.92,-0.04,0,0
500,200,1,0.15047,0,2.8462,-1.385,0.92,-0.04,0,0
501,199,1,0.15259,0,3.1458,8.0249,0,0.3,1,5
502,199,1,0.15673,0,3.1458,8.5771,0,0.29,1,2
503,200,1,0.14995,0,3.1667,8.072,0,0.29,1,1
504,199,1,0.15673,0,3.1458,8.467,0,0.29,1,2
505,199,1,0.1548,0,3.1458,8.482,0,0.29,1,0
506,199,1,0.15673,0,3.1458,8.3204,0,0.29,1,2
507,200,1,0.15351,0,3.1667,8.4359,0,0.29,1,4
508,199,1,0.15673,0,3.1458,8.3346,0,0.29,1,2
509,200,1,0.15228,0,3.1667,8.0535,0,0.29,1,0
510,199,1,0.14776,0,3.1458,7.7263,0,0.29,1,2
511,200,1,0.15433,0,3.1667,8.0515,0,0.29,1,1
512,200,1,0.15611,0,3.1667,8.0727,0,0.29,1,2
513,200,1,0.14501,0,3.1667,7.7641,0,0.29,1,0
514,199,1,0.15591,0,3.1458,8.1851,0,0.29,1,2
515,200,1,0.15927,0,3.1667,8.8981,0,0.28,1,5
516,199,1,0.15439,0,3.1458,8.1557,0,0.28,1,2
517,200,1,0.14967,0,3.1667,8.489,0,0.28,1,2
518,199,1,0.15121,0,3.1458,8.2919,0,0.28,1,2
519,200,1,0.14405,0,3.1667,7.7557,0,0.28,1,3
520,200,1,0.15584,0,3.1667,8.1307,0,0.28,1,2
521,200,1,0.15543,0,3.1667,8.0203,0,0.28,1,2
522,200,1,0.15447,0,3.1667,8.081,0,0.28,1,2
523,200,1,0.14995,0,3.1667,8.0911,0,0.28,1,0
524,200,1,0.14995,0,3.1667,8.1914,0,0.28,1,0
525,198,1,0.15472,0,3.125,8.0831,0,0.28,1,0
526,200,1,0.1568,0,3.1667,8.4723,0,0.28,1,1
527,199,1,0.14639,0,3.1458,7.398,0,0.27,1,1
528,198,1,0.15847,0,3.125,8.1045,0,0.27,1,3
529,200,1,0.14816,0,3.1667,7.6403,0,0.27,1,0
530,200,1,0.15694,0,3.1667,7.8544,0,0.27,1,0
531,200,1,0.15186,0,3.1667,8.0947,0,0.27,1,1
532,200,1,0.15858,0,3.1667,7.9494,0,0.27,1,1
533,200,1,0.15872,0,3.1667,8.0134,0,0.27,1,1
534,200,1,0.15173,0,3.1667,7.4398,0,0.27,1,1
535,200,1,0.14926,0,3.1667,8.0229,0,0.27,1,2
536,200,1,0.15872,0,3.1667,8.0549,0,0.27,1,2
537,200,1,0.15118,0,3.1667,8.3005,0,0.27,1,1
538,200,1,0.15652,0,3.1667,7.7722,0,0.27,1,2
539,200,1,0.15419,0,3.1667,7.8219,0,0.26,1,2
540,200,1,0.15817,0,3.1667,7.6721,0,0.26,1,2
541,199,1,0.15425,0,3.1458,7.6322,0,0.26,1,1
542,198,1,0.15819,0,3.125,7.2342,0,0.26,1,3
543,200,1,0.15365,0,3.1667,7.457,0,0.26,1,3
544,199,1,0.15273,0,3.1458,7.5697,0,0.26,1,0
545,200,1,0.15639,0,3.1667,7.4982,0,0.26,1,4
546,198,1,0.14792,0,3.125,7.4235,0,0.26,1,2
547,200,1,0.15406,0,3.1667,7.2923,0,0.25,1,0
548,200,1,0.14405,0,3.1667,6.9031,0,0.25,1,2
549,200,1,0.15063,0,3.1667,7.6133,0,0.25,1,7
550,200,1,0.15598,0,3.1667,7.4213,0,0.25,1,4
551,200,1,0.14844,0,3.1667,7.0861,0,0.25,1,4
552,200,1,0.15762,0,3.1667,7.1914,0,0.25,1,1
553,199,1,0.15728,0,3.1458,7.4214,0,0.25,1,2
554,200,1,0.15762,0,3.1667,7.2257,0,0.24,1,2
555,200,1,0.14597,0,3.1667,6.7834,0,0.24,1,3
556,200,1,0.15488,0,3.1667,7.2595,0,0.24,1,2
557,200,1,0.14707,0,3.1667,6.7892,0,0.24,1,2
558,200,1,0.14707,0,3.1667,6.8006,0,0.24,1,2
559,200,1,0.15104,0,3.1667,6.9449,0,0.24,1,2
560,200,1,0.15611,0,3.1667,7.1669,0,0.24,1,3
561,200,1,0.15598,0,3.1667,7.3327,0,0.24,1,1
562,200,1,0.15461,0,3.1667,6.9448,0,0.24,1,1
563,200,1,0.15337,0,3.1667,7.1719,0,0.24,1,2
564,200,1,0.15611,0,3.1667,6.8159,0,0.23,1,1
565,199,1,0.15908,0,3.1458,6.959,0,0.23,1,0
566,200,1,0.15488,0,3.1667,7.048,0,0.23,1,2
567,200,1,0.15063,0,3.1667,6.4994,0,0.23,1,4
568,199,1,0.15908,0,3.1458,7.0676,0,0.23,1,0
569,200,1,0.15145,0,3.1667,6.848,0,0.23,1,4
570,199,1,0.14473,0,3.1458,6.5313,0,0.23,1,3
571,200,1,0.15433,0,3.1667,6.7642,0,0.23,1,4
572,200,1,0.15132,0,3.1667,6.3135,0,0.23,1,2
573,200,1,0.15831,0,3.1667,6.8345,0,0.23,1,1
574,200,1,0.15214,0,3.1667,6.6965,0,0.23,1,5
575,200,1,0.15461,0,3.1667,6.4995,0,0.23,1,0
576,200,1,0.1457,0,3.1667,6.6731,0,0.23,1,3
577,200,1,0.15899,0,3.1667,6.9324,0,0.23,1,1
578,199,1,0.15494,0,3.1458,6.7381,0,0.22,1,1
579,199,1,0.14542,0,3.1458,6.3071,0,0.22,1,4
580,200,1,0.15392,0,3.1667,6.792,0,0.22,1,3
581,200,1,0.15543,0,3.1667,6.4949,0,0.22,1,2
582,200,1,0.15762,0,3.1667,6.7773,0,0.22,1,0
583,200,1,0.14474,0,3.1667,6.1765,0,0.22,1,1
584,200,1,0.15762,0,3.1667,6.5789,0,0.22,1,0
585,200,1,0.14611,0,3.1667,6.1057,0,0.22,1,0
586,200,1,0.14542,0,3.1667,6.2529,0,0.22,1,1
587,200,1,0.15104,0,3.1667,6.2294,0,0.22,1,2
588,199,1,0.15094,0,3.1458,6.1416,0,0.22,1,0
589,200,1,0.15858,0,3.1667,6.7071,0,0.22,1,5
590,200,1,0.15611,0,3.1667,6.2371,0,0.21,1,4
591,199,1,0.15342,0,3.1458,6.6348,0,0.21,1,3
592,200,1,0.14789,0,3.1667,6.1392,0,0.21,1,1
593,200,1,0.1531,0,3.1667,6.3633,0,0.21,1,1
594,200,1,0.14775,0,3.1667,6.1529,0,0.21,1,3
595,199,1,0.15232,0,3.1458,6.1201,0,0.21,1,3
596,200,1,0.14775,0,3.1667,6.1554,0,0.21,1,3
597,200,1,0.15707,0,3.1667,6.2496,0,0.21,1,2
598,199,1,0.15397,0,3.1458,6.2907,0,0.21,1,1
599,200,1,0.14624,0,3.1667,6.4329,0,0.2,1,3
600,199,1,0.1537,0,3.1458,6.1868,0,0.2,1,0
601,200,1,0.30036,1,3.4444,-2.2284,0.99,-0.05,0,0
602,200,1,0.30573,1,3,-2.2596,0.99,-0.05,0,0
603,200,1,0.29985,1,2.7037,-2.2397,0.99,-0.05,0,0
604,200,1,0.30346,1,1.8986,-2.2807,0.99,-0.04,0,0
605,200,1,0.30111,1,2.0303,-2.2506,0.99,-0.04,0,0
606,200,1,0.3006,1,2.3333,-2.1059,0.98,-0.04,0,0
607,200,1,0.30199,1,2.0769,-2.1337,0.98,-0.04,0,0
608,200,1,0.30543,1,2.5714,-2.0828,0.98,-0.04,0,0
609,200,1,0.30154,1,3.1667,-1.8346,0.97,-0.04,0,0
610,200,1,0.30232,1,2.6364,-1.9411,0.97,-0.04,0,0
611,200,1,0.30368,1,1.6667,-2.1101,0.98,-0.04,0,0
612,200,1,0.30166,1,3.0816,-1.8203,0.97,-0.04,0,0
613,200,1,0.30833,1,2.3898,-1.9665,0.98,-0.04,0,0
614,200,1,0.30485,1,1.5641,-2.1023,0.98,-0.04,0,0
615,200,1,0.30177,1,3.2553,-1.7923,0.96,-0.04,0,0
616,200,1,0.30187,1,1.8571,-2.0345,0.98,-0.04,0,0
617,200,1,0.30031,1,2.6364,-1.9312,0.97,-0.04,0,0
618,200,1,0.30548,1,3.3478,-1.7306,0.96,-0.04,0,0
619,200,1,0.30108,1,3.4444,-1.7104,0.96,-0.04,0,0
620,200,1,0.30067,1,2.125,-1.9194,0.97,-0.04,0,0
621,200,1,0.30275,1,2.1746,-1.9028,0.97,-0.04,0,0
622,200,1,0.30136,1,2.3898,-1.9382,0.97,-0.04,0,0
623,200,1,0.30924,1,1.7778,-2.1125,0.98,-0.04,0,0
624,200,1,0.3072,1,3.0816,-1.779,0.96,-0.04,0,0
625,200,1,0.30144,1,2.6364,-1.8138,0.97,-0.04,0,0
626,200,1,0.29878,1,3.4444,-1.639,0.95,-0.04,0,0
627,200,1,0.3001,1,3.2553,-1.6013,0.95,-0.03,0,0
628,200,1,0.30452,1,3.4444,-1.6236,0.95,-0.03,0,0
629,200,1,0.29783,1,3.1667,-1.5713,0.94,-0.03,0,0
630,200,1,0.30295,1,2.5714,-1.8722,0.97,-0.03,0,0
631,200,1,0.30187,1,1.9851,-1.8669,0.97,-0.03,0,0
632,200,1,0.30124,1,2.7037,-1.6111,0.95,-0.03,0,0
633,200,1,0.30524,1,3.2553,-1.5838,0.94,-0.03,0,0
634,200,1,0.30437,1,3.4444,-1.5323,0.94,-0.03,0,0
635,200,1,0.30124,1,3.3478,-1.61,0.95,-0.03,0,0
636,200,1,0.30381,1,2.2787,-1.7141,0.96,-0.03,0,0
637,200,1,0.3006,1,2.7736,-1.6023,0.95,-0.03,0,0
638,200,1,0.30214,1,2.7736,-1.6289,0.95,-0.03,0,0
639,200,1,0.30315,1,3.0816,-1.556,0.94,-0.03,0,0
640,200,1,0.30445,1,2.6364,-1.6065,0.95,-0.03,0,0
641,200,1,0.3007,1,2.5088,-1.6498,0.95,-0.03,0,0
642,200,1,0.30374,1,1.8571,-1.7492,0.96,-0.03,0,0
643,200,1,0.30288,1,3.0816,-1.5673,0.94,-0.03,0,0
644,200,1,0.30373,1,1.7027,-1.8305,0.97,-0.03,0,0
645,200,1,0.2976,1,1.6667,-1.7473,0.96,-0.03,0,0
646,200,1,0.2998,1,2.2787,-1.6632,0.95,-0.03,0,0
647,200,1,0.29858,1,2.0769,-1.6697,0.95,-0.03,0,0
648,200,1,0.30222,1,3.4444,-1.5462,0.94,-0.03,0,0
649,200,1,0.30017,1,2.9216,-1.5859,0.94,-0.03,0,0
650,200,1,0.2999,1,2.4483,-1.6682,0.95,-0.03,0,0
651,200,1,0.29987,1,3,-1.5599,0.94,-0.03,0,0
652,200,1,0.30187,1,3,-1.5188,0.94,-0.03,0,0
653,200,1,0.30495,1,2.6364,-1.5997,0.95,-0.03,0,0
654,200,1,0.30509,1,3.4444,-1.6042,0.95,-0.03,0,0
655,200,1,0.30381,1,2.7736,-1.559,0.94,-0.03,0,0
656,200,1,0.30257,1,2.4483,-1.5855,0.94,-0.03,0,0
657,200,1,0.29881,1,2.3333,-1.5965,0.94,-0.03,0,0
658,200,1,0.30102,1,1.8169,-1.6729,0.95,-0.03,0,0
659,200,1,0.30345,1,3.1667,-1.4511,0.93,-0.03,0,0
660,200,1,0.30595,1,3.4444,-1.4649,0.93,-0.03,0,0
661,200,1,0.30493,1,3,-1.5045,0.93,-0.03,0,0
662,200,1,0.3004,1,3,-1.4976,0.93,-0.03,0,0
663,200,1,0.30483,1,2.8462,-1.5338,0.94,-0.03,0,0
664,200,1,0.30491,1,3.3478,-1.409,0.92,-0.03,0,0
665,200,1,0.30382,1,2.0303,-1.5981,0.94,-0.03,0,0
666,200,1,0.30438,1,2.9216,-1.4846,0.93,-0.03,0,0
667,200,1,0.30193,1,2.125,-1.511,0.93,-0.03,0,0
668,200,1,0.30524,1,2.3333,-1.4954,0.93,-0.03,0,0
669,200,1,0.3045,1,3.0816,-1.3552,0.91,-0.03,0,0
670,200,1,0.30427,1,3.2553,-1.3928,0.92,-0.03,0,0
671,200,1,0.302,1,2.7037,-1.4888,0.93,-0.03,0,0
672,200,1,0.2982,1,2.9216,-1.4852,0.93,-0.03,0,0
673,200,1,0.30291,1,2.7736,-1.4202,0.92,-0.03,0,0
674,200,1,0.3045,1,1.7397,-1.5849,0.94,-0.03,0,0
675,200,1,0.30193,1,2.125,-1.6184,0.95,-0.03,0,0
676,200,1,0.30327,1,2.8462,-1.4089,0.92,-0.03,0,0
677,200,1,0.30059,1,1.8986,-1.5473,0.94,-0.03,0,0
678,200,1,0.30341,1,1.8571,-1.5319,0.94,-0.03,0,0
679,200,1,0.30516,1,1.8169,-1.6279,0.95,-0.03,0,0
680,200,1,0.30608,1,3.2553,-1.4212,0.92,-0.03,0,0
681,200,1,0.3003,1,3.1667,-1.4363,0.92,-0.03,0,0
682,200,1,0.30605,1,2.3898,-1.5011,0.93,-0.03,0,0
683,200,1,0.30165,1,3.4444,-1.3589,0.91,-0.03,0,0
684,200,1,0.30435,1,3.3478,-1.3446,0.91,-0.03,0,0
685,200,1,0.30345,1,2.5714,-1.4674,0.93,-0.03,0,0
686,200,1,0.3004,1,1.6316,-1.545,0.94,-0.03,0,0
687,200,1,0.30466,1,3.4444,-1.3251,0.91,-0.03,0,0
688,200,1,0.30286,1,1.5316,-1.5331,0.94,-0.03,0,0
689,200,1,0.30221,1,2.4483,-1.4684,0.93,-0.03,0,0
690,200,1,0.30112,1,1.8169,-1.5413,0.94,-0.03,0,0
691,200,1,0.3044,1,2.3333,-1.4255,0.92,-0.03,0,0
692,200,1,0.29899,1,1.6667,-1.4694,0.93,-0.03,0,0
693,200,1,0.30035,1,1.7778,-1.5716,0.94,-0.03,0,0
694,200,1,0.30412,1,2.9216,-1.4264,0.92,-0.03,0,0
695,200,1,0.30463,1,3.3478,-1.2618,0.9,-0.03,0,0
696,200,1,0.30218,1,3.2553,-1.3583,0.91,-0.03,0,0
697,200,1,0.29861,1,2.5714,-1.3609,0.91,-0.03,0,0
698,200,1,0.30359,1,2.0769,-1.4831,0.93,-0.03,0,0
699,200,1,0.3022,1,2.3898,-1.4141,0.92,-0.03,0,0
700,200,1,0.29857,1,3.2553,-1.3023,0.9,-0.03,0,0
701,200,1,0.30414,1,3.1667,14.218,0,0.28,1,0
702,200,1,0.30167,1,3.1667,14.221,0,0.28,1,0
703,200,1,0.29701,1,3.1667,13.433,0,0.28,1,1
704,200,1,0.29454,1,3.1667,13.159,0,0.28,1,0
705,200,1,0.3114,1,3.1667,13.95,0,0.28,1,0
706,200,1,0.29701,1,3.1667,14.366,0,0.28,1,0
707,200,1,0.31428,1,3.1667,13.961,0,0.28,1,0
708,200,1,0.29962,1,3.1667,13.963,0,0.28,1,0
709,200,1,0.29962,1,3.1667,13.8,0,0.28,1,0
710,200,1,0.30496,1,3.1667,14.282,0,0.28,1,0
711,200,1,0.30332,1,3.1667,13.81,0,0.27,1,0
712,200,1,0.29756,1,3.1667,13.436,0,0.27,1,0
713,200,1,0.2955,1,3.1667,14.209,0,0.27,1,0
714,200,1,0.30277,1,3.1667,13.276,0,0.27,1,0
715,200,1,0.3077,1,3.1667,13.745,0,0.27,1,0
716,200,1,0.30524,1,3.1667,13.436,0,0.27,1,0
717,200,1,0.30962,1,3.1667,13.102,0,0.27,1,0
718,200,1,0.30263,1,3.1667,13.727,0,0.27,1,0
719,200,1,0.29838,1,3.1667,12.686,0,0.27,1,0
720,200,1,0.30071,1,3.1667,13.15,0,0.27,1,0
721,200,1,0.29989,1,3.1667,13.083,0,0.27,1,0
722,200,1,0.30428,1,3.1667,13.674,0,0.27,1,0
723,200,1,0.29605,1,3.1667,12.549,0,0.27,1,0
724,200,1,0.30729,1,3.1667,13.196,0,0.27,1,0
725,200,1,0.30688,1,3.1667,13.181,0,0.26,1,0
726,200,1,0.29605,1,3.1667,12.647,0,0.26,1,0
727,200,1,0.29893,1,3.1667,12.597,0,0.26,1,0
728,200,1,0.29482,1,3.1667,12.633,0,0.26,1,0
729,200,1,0.29482,1,3.1667,12.548,0,0.26,1,0
730,200,1,0.30112,1,3.1667,12.66,0,0.26,1,0
731,200,1,0.29482,1,3.1667,12.78,0,0.26,1,0
732,200,1,0.29482,1,3.1667,12.546,0,0.26,1,0
733,200,1,0.29482,1,3.1667,12.586,0,0.26,1,0
734,200,1,0.30208,1,3.1667,12.485,0,0.26,1,0
735,200,1,0.29742,1,3.1667,13.078,0,0.26,1,0
736,200,1,0.30071,1,3.1667,12.197,0,0.26,1,0
737,200,1,0.30798,1,3.1667,13.327,0,0.26,1,0
738,200,1,0.31044,1,3.1667,13.025,0,0.26,1,0
739,200,1,0.29811,1,3.1667,12.042,0,0.26,1,0
740,200,1,0.31319,1,3.1667,13.723,0,0.26,1,0
741,200,1,0.30249,1,3.1667,12.777,0,0.26,1,0
742,200,1,0.29866,1,3.1667,12.425,0,0.26,1,0
743,200,1,0.29482,1,3.1667,12.217,0,0.26,1,0
744,200,1,0.29783,1,3.1667,12.764,0,0.26,1,0
745,200,1,0.30414,1,3.1667,12.836,0,0.26,1,0
746,200,1,0.29907,1,3.1667,12.914,0,0.26,1,0
747,200,1,0.29509,1,3.1667,12.155,0,0.26,1,0
748,200,1,0.29934,1,3.1667,12.579,0,0.25,1,0
749,200,1,0.31839,1,3.1667,12.782,0,0.25,1,0
750,200,1,0.29482,1,3.1667,12.569,0,0.25,1,0
751,200,1,0.30907,1,3.1667,12.895,0,0.25,1,0
752,200,1,0.3014,1,3.1667,12.659,0,0.25,1,0
753,200,1,0.31236,1,3.1667,12.487,0,0.25,1,0
754,200,1,0.29688,1,3.1667,11.894,0,0.25,1,0
755,200,1,0.29797,1,3.1667,11.907,0,0.25,1,0
756,200,1,0.30839,1,3.1667,12.847,0,0.25,1,0
757,200,1,0.29715,1,3.1667,12.916,0,0.25,1,0
758,200,1,0.30345,1,3.1667,12.437,0,0.25,1,0
759,200,1,0.31127,1,3.1667,12.658,0,0.25,1,0
760,200,1,0.30935,1,3.1667,12.146,0,0.25,1,0
761,200,1,0.29975,1,3.1667,12.31,0,0.25,1,0
762,200,1,0.29893,1,3.1667,12.305,0,0.25,1,0
763,200,1,0.30126,1,3.1667,11.915,0,0.25,1,0
764,200,1,0.30729,1,3.1667,12.211,0,0.25,1,0
765,200,1,0.30044,1,3.1667,12.047,0,0.25,1,0
766,200,1,0.30058,1,3.1667,12.007,0,0.24,1,0
767,200,1,0.29879,1,3.1667,12.182,0,0.24,1,0
768,200,1,0.30249,1,3.1667,11.903,0,0.24,1,0
769,200,1,0.30921,1,3.1667,12.678,0,0.24,1,0
770,200,1,0.30249,1,3.1667,11.897,0,0.24,1,0
771,200,1,0.30332,1,3.1667,12.033,0,0.24,1,0
772,200,1,0.32127,1,3.1667,12.429,0,0.24,1,0
773,200,1,0.31456,1,3.1667,12.354,0,0.24,1,0
774,200,1,0.2977,1,3.1667,11.748,0,0.24,1,0
775,200,1,0.29907,1,3.1667,11.627,0,0.24,1,0
776,200,1,0.30578,1,3.1667,11.33,0,0.24,1,0
777,200,1,0.31086,1,3.1667,12.102,0,0.24,1,0
778,200,1,0.30537,1,3.1667,11.259,0,0.23,1,0
779,200,1,0.31908,1,3.1667,12.218,0,0.23,1,0
780,200,1,0.2966,1,3.1667,11.395,0,0.23,1,0
781,200,1,0.30674,1,3.1667,11.931,0,0.23,1,0
782,200,1,0.31291,1,3.1667,12.082,0,0.23,1,0
783,200,1,0.30318,1,3.1667,11.757,0,0.23,1,0
784,200,1,0.32072,1,3.1667,11.536,0,0.23,1,0
785,200,1,0.31757,1,3.1667,11.518,0,0.23,1,0
786,200,1,0.29674,1,3.1667,10.99,0,0.23,1,0
787,200,1,0.30208,1,3.1667,11.097,0,0.23,1,0
788,200,1,0.29674,1,3.1667,10.764,0,0.23,1,0
789,200,1,0.30976,1,3.1667,11.284,0,0.22,1,0
790,200,1,0.30976,1,3.1667,11.123,0,0.22,1,0
791,200,1,0.30907,1,3.1667,11.315,0,0.22,1,0
792,200,1,0.30058,1,3.1667,10.954,0,0.22,1,0
793,200,1,0.30976,1,3.1667,10.974,0,0.22,1,0
794,200,1,0.32607,1,3.1667,11.962,0,0.22,1,0
795,200,1,0.30976,1,3.1667,10.851,0,0.22,1,0
796,200,1,0.30976,1,3.1667,11.135,0,0.22,1,0
797,200,1,0.30976,1,3.1667,11.001,0,0.22,1,0
798,200,1,0.30976,1,3.1667,10.883,0,0.22,1,0
799,200,1,0.30948,1,3.1667,10.874,0,0.22,1,0
800,200,1,0.31099,1,3.1667,11.127,0,0.22,1,0
